"product_name","part_code","category","subcategory","size","material","type","finish_plating","thread_standard","sealant","temperature","pressure","connections","assemblies","grade","description","applications","certifications","additional_notes","photo_codes","is_active"
"3/16 X 1/8 Male Compression X Male Nptf Adapter","01-001-001","Compression Fitting","Male Compression X Male Nptf Adapter","3/16in X 1/8in","Brass","Barstock","","ANSI/ASME B1.1; ANSI/ASME B1.20.3","","-40°F to +250°F; -40°C to +121°C","Up To 600 Psi; Up To 41 Bar","Compression-M; Mip","01-002-001;01-008-014;01-007-018","C3604","Male Compression X Male Nptf Adapter, A Connector Combining A Male Compression End With A Male Nptf Threaded End. Precision‑Machined For Secure Joining, It Ensures Consistent Sealing Performance. Built With Durable Material For Long‑Term Reliability In Threaded Systems.","Plumbing
Refrigeration
Hydraulic
Pneumatic","ROHS Complaint
REACH Compliant","Disclaimer: Installation Instructions Are Provided As A General Guide Only. Please Use Professional Judgment During Installation.
Apply Sealant To Male Nptf End.
Screw Male Nptf End Into Female Nptf End.
Cut Tube Squarely.
Slide Nut And Sleeve On Tube.
Insert Tube Into Fitting Until It Bottoms.
Hand-Tighten , Then Wrench-Tighten 1 To 1 1/2 Turn For Compression And 1 To 2 Turns For Nptf End.
Test For Leaks.","EXAMPLE-01-001-001-1
EXAMPLE-01-001-001-2","TRUE"
"1/4 X 1/4 Male Compression X Male Nptf Adapter","01-001-002","Compression Fitting","Male Compression X Male Nptf Adapter","1/4in X 1/4in","Brass","Barstock","","ANSI/ASME B1.1; ANSI/ASME B1.20.3","","-40°F to +250°F; -40°C to +121°C","Up To 600 Psi; Up To 41 Bar","Compression-M; Mip","01-002-002;01-008-015;01-007-019","C3604","Male Compression X Male Nptf Adapter, A Connector Combining A Male Compression End With A Male Nptf Threaded End. Precision‑Machined For Secure Joining, It Ensures Consistent Sealing Performance. Built With Durable Material For Long‑Term Reliability In Threaded Systems.","Plumbing
Refrigeration
Hydraulic
Pneumatic","ROHS Complaint
REACH Compliant","Disclaimer: Installation Instructions Are Provided As A General Guide Only. Please Use Professional Judgment During Installation.
Apply Sealant To Male Nptf End.
Screw Male Nptf End Into Female Nptf End.
Cut Tube Squarely.
Slide Nut And Sleeve On Tube.
Insert Tube Into Fitting Until It Bottoms.
Hand-Tighten , Then Wrench-Tighten 1 To 1 1/2 Turn For Compression And 1 To 2 Turns For Nptf End.
Test For Leaks.","EXAMPLE-01-001-002-1
EXAMPLE-01-001-002-2","TRUE"
"3/8 X 1/2 Male Compression X Male Nptf Adapter","01-001-003","Compression Fitting","Male Compression X Male Nptf Adapter","3/8in X 1/2in","Brass","Barstock","","ANSI/ASME B1.1; ANSI/ASME B1.20.3","","-40°F to +250°F; -40°C to +121°C","Up To 600 Psi; Up To 41 Bar","Compression-M; Mip","01-002-003;01-008-017;01-007-011","LF-CW510L","Male Compression X Male Nptf Adapter, A Connector Combining A Male Compression End With A Male Nptf Threaded End. Precision‑Machined For Secure Joining, It Ensures Consistent Sealing Performance. Built With Durable Material For Long‑Term Reliability In Threaded Systems.","Plumbing
Refrigeration
Hydraulic
Pneumatic","ROHS Compliant
REACH Complaint
NSF Listed","Disclaimer: Installation Instructions Are Provided As A General Guide Only. Please Use Professional Judgment During Installation.
Apply Sealant To Male Nptf End.
Screw Male Nptf End Into Female Nptf End.
Cut Tube Squarely.
Slide Nut And Sleeve On Tube.
Insert Tube Into Fitting Until It Bottoms.
Hand-Tighten , Then Wrench-Tighten 1 To 1 1/2 Turn For Compression And 1 To 2 Turns For Nptf End.
Test For Leaks.","EXAMPLE-01-001-003-1
EXAMPLE-01-001-003-2","TRUE"
